{"entry_t": 1761486120, "entry_p": 1.9396813939254546e-05, "max_price_since_entry": 2.0257328973292397e-05, "be_armed": false, "trail_armed": false, "hold_armed_at": 1761486840, "be_stop_price": null, "trail_stop_price": null}