{"entry_t": 1761492000, "entry_p": 9.426587597859086e-05, "max_price_since_entry": 0.00010102623215785593, "be_armed": false, "trail_armed": false, "hold_armed_at": 1761492720, "be_stop_price": null, "trail_stop_price": null}