{"entry_t": 1761486000, "entry_p": 4.344947651986718e-05, "max_price_since_entry": 4.645174757860498e-05, "be_armed": false, "trail_armed": false, "hold_armed_at": 1761486720, "be_stop_price": null, "trail_stop_price": null}