{"entry_t": 1761486180, "entry_p": 1.2659923015194477e-05, "max_price_since_entry": 1.4012362201279832e-05, "be_armed": false, "trail_armed": false, "hold_armed_at": 1761486900, "be_stop_price": null, "trail_stop_price": null}