{
  "analyzed_report_timestamps": {
    "holding_delta_1746839869.json": 1746840005.4637017,
    "holding_report_1746839869.json": 1746839992.9489267,
    "holding_delta_1746839253.json": 1746839318.2137947,
    "holding_delta_1746840427.json": 1746840492.5424683,
    "holding_report_1746840427.json": 1746840483.9300516,
    "holding_report_1746839253.json": 1746839311.5761385
  },
  "token_alert_history": {},
  "token_historical_metrics": {
    "85YgaPBNug3zUNLgXn2PLR4WXywjarELBCiQLswYpump": {
      "last_holder_count": 345,
      "last_holder_check_ts": 1746840411.732955
    },
    "2iuxs3tH1M7PpmVNh7uj3Aree7YuMiPjDDaeyRbnpump": {
      "last_holder_count": 485,
      "last_holder_check_ts": 1746840977.008825
    },
    "2Ubhh4Swi2xLLEdohU7qJcFpMszphr8yqdo5bjMTpump": {
      "last_holder_count": 579,
      "last_holder_check_ts": 1746840962.9428108
    },
    "6M6EZnxyffGsS81oRVvFJqDti9q4XZUXsr7N5Ajrpump": {
      "last_holder_count": 190,
      "last_holder_check_ts": 1746840414.5906208
    },
    "HnyULTkSxKYfiSVCRQkqZFTAFpQGtVDn3JqZQm7ipump": {
      "last_holder_count": 309,
      "last_holder_check_ts": 1746840417.1342967
    },
    "FW1HLYwCeTFDaAT9DVVZzpVHKZYpQBZAeJjDznaApump": {
      "last_holder_count": 192,
      "last_holder_check_ts": 1746840421.5932403
    },
    "BaqbD422i9t9vihreZEzVMb1zMQU3h6JnH8DFfMkpump": {
      "last_holder_count": 218,
      "last_holder_check_ts": 1746840427.9121108
    },
    "6N8sL5HGwmyuiZYuifZP65nFXpY9yNAZfDznRHSFpump": {
      "last_holder_count": 1065,
      "last_holder_check_ts": 1746840493.4175153
    },
    "3T721bpRc5FNY84W36vWffxoKs4FLXhBpSaqwUCRpump": {
      "last_holder_count": 3400,
      "last_holder_check_ts": 1746840970.4185672
    },
    "5ShcBDjwrMzJp18eL7GfY8PpKzanFrqShzz8bCdHpump": {
      "last_holder_count": 946,
      "last_holder_check_ts": 1746840970.524748
    },
    "JDAkj5opHbFYGeGuFtFjFExbXGLLtRikbDngLA3spump": {
      "last_holder_count": 1039,
      "last_holder_check_ts": 1746840968.9085522
    },
    "J4WFSZ2GjSpt7Cg5nhkSdG7fjTt5jbRbyefGHfFFpump": {
      "last_holder_count": 719,
      "last_holder_check_ts": 1746840969.0166852
    },
    "ArHsXqhkM87onbkoD1wqvDuG8hHgJUhJDQJCz9bpump": {
      "last_holder_count": 195,
      "last_holder_check_ts": 1746840970.312006
    },
    "3j11JP4ijPYwN3A22Njj2ssbS4fCWtJteMAaBJNxpump": {
      "last_holder_count": 4273,
      "last_holder_check_ts": 1746840970.9476626
    },
    "8N9cKkE93grPT2ALLTQ992wwhTNXoqycsCg9Jj5wHiyW": {
      "last_holder_count": 887,
      "last_holder_check_ts": 1746840457.6020484
    },
    "7KNphPB6RMyUUN7Q57wwGuPWEDhZn6Qe7drka8LYmFfw": {
      "last_holder_count": 1458,
      "last_holder_check_ts": 1746840967.6352851
    },
    "9Na5q7HJ57KaQDnTTZPfcRDfeif3kRsem1pD1hPppump": {
      "last_holder_count": 164,
      "last_holder_check_ts": 1746840976.9015343
    },
    "4etTHuAQYQcHSsuBDHCpztvvaeZRDSKf8MCWKipbFLUX": {
      "last_holder_count": 1024,
      "last_holder_check_ts": 1746840463.3903944
    },
    "AUDaWG45dtEHpaJpas5MXAwFQ7yXQLbGxYkUMDHrpump": {
      "last_holder_count": 386,
      "last_holder_check_ts": 1746840970.6302683
    },
    "5vJgfz1rcZBeVyzk8LkXzNPoxjwLvmEDtRitobZYpump": {
      "last_holder_count": 427,
      "last_holder_check_ts": 1746840467.0546973
    },
    "Bdxv7PxVoE4HtKdLksQyXVYdRkpYtTfQSaD7oSWwpump": {
      "last_holder_count": 842,
      "last_holder_check_ts": 1746840970.7361095
    },
    "CwW71PvHwdEQrNmdhsNvsQfb3ASLaezdrhs8gTTKGbDD": {
      "last_holder_count": 261,
      "last_holder_check_ts": 1746840469.3824492
    },
    "7B9D5kgsC6Z7GUF257m5VoNVNisp4d11psWazZpqpump": {
      "last_holder_count": 507,
      "last_holder_check_ts": 1746840970.8416493
    },
    "FnKuBhrH91WmPRtEAxv94hnEVMyeZp1RRJN4ZcCdpump": {
      "last_holder_count": 813,
      "last_holder_check_ts": 1746840971.0548341
    },
    "8jMPc4ZH4G7CfSYAERzEE6jHX4RUXhKJaXjNnLjTpump": {
      "last_holder_count": 270,
      "last_holder_check_ts": 1746840469.7022338
    },
    "Z8Ua42QHRZFRdTLVDxbZ6xvu4qe1pnNSWtDbvsHpump": {
      "last_holder_count": 348,
      "last_holder_check_ts": 1746840972.3302376
    },
    "4qjW1Q7cQkGx4sGeXxtLpgoyVCwQmB5necCVU38jpump": {
      "last_holder_count": 488,
      "last_holder_check_ts": 1746840972.439412
    },
    "7JcJLMzqaZNrtc3E2YCp7L1txL2kkYHv5soRTsU4pump": {
      "last_holder_count": 1775,
      "last_holder_check_ts": 1746840471.2138414
    },
    "3pA668WX5vNjQMw2KdHJ8RpZceG6gEfXWtRvGChjbSnz": {
      "last_holder_count": 1658,
      "last_holder_check_ts": 1746840972.5453308
    },
    "3rxbYBWKWSbBeg5S42qNjm8E53jxhmfVvXUG3G27pump": {
      "last_holder_count": 523,
      "last_holder_check_ts": 1746840972.6514583
    },
    "AQiuLzWMZgLtuv1C97uwpyq6GvinoTDwUYFSJTQopump": {
      "last_holder_count": 904,
      "last_holder_check_ts": 1746840974.8373992
    },
    "DSup1rQWvLi8ZXj82qpz4hXeA8HuwtNFeS7qrejYpump": {
      "last_holder_count": 3048,
      "last_holder_check_ts": 1746840474.2417154
    },
    "96Xw9G6BpWSQGza7eXifr9VdSUpCuDtNHmusnbeScyeL": {
      "last_holder_count": 920,
      "last_holder_check_ts": 1746840474.3488884
    },
    "9w3AVfugVjYHAwhxdSXabmm3oJMAEHvVAnQt81k7pump": {
      "last_holder_count": 623,
      "last_holder_check_ts": 1746840476.697079
    },
    "ZBc1uvb8FxX3z4ZjU9xyyMXbWvLzU5vTs245QfPpump": {
      "last_holder_count": 455,
      "last_holder_check_ts": 1746840957.7375119
    },
    "CriMLqtsV8kPJBhwtbDdC132FevoDZ6pGzQ9d6USpump": {
      "last_holder_count": 464,
      "last_holder_check_ts": 1746840967.5288692
    }
  },
  "actively_monitored_runners": {
    "8N9cKkE93grPT2ALLTQ992wwhTNXoqycsCg9Jj5wHiyW": {
      "mint": "8N9cKkE93grPT2ALLTQ992wwhTNXoqycsCg9Jj5wHiyW",
      "symbol": "HODL",
      "name": "HODL",
      "score": "9.50",
      "reasons": [
        "BaseOK(Liq:$113.7K,MC:$200.2K,Vol:$9.5B)",
        "\u039424h:+128.9% (+2.0)",
        "\u03946h:+128.9% (+2.5)",
        "\u03941h:+49.6% (+2.0)",
        "Age<2h(1h 17m)(+1.5)",
        "Liq/MC=0.6(+1.0)",
        "Vol/MC=47266.5x(+1.5)",
        "MutableMetadata(-1.0)"
      ],
      "identified_timestamp": 1746840370,
      "price_at_identification": "0.00020021212360508603",
      "liquidity_at_identification": "113711.93433043807",
      "age_at_identification": "1h 17m",
      "is_trending_at_identification": false,
      "report_source": "holding_delta_1746839869.json",
      "initial_price": "0.00020021212360508603",
      "initial_liquidity": "113711.93433043807",
      "highest_price_since_added": "0.00020021212360508603",
      "added_timestamp": 1746840370,
      "last_checked_timestamp": 1746840934.5764427,
      "monitored_wallet_net_sentiment_at_add": 0.0,
      "current_price": "0.00016140281129941797"
    },
    "6N8sL5HGwmyuiZYuifZP65nFXpY9yNAZfDznRHSFpump": {
      "mint": "6N8sL5HGwmyuiZYuifZP65nFXpY9yNAZfDznRHSFpump",
      "symbol": "MM",
      "name": "Mr.Meme",
      "score": "9.00",
      "reasons": [
        "BaseOK(Liq:$61.0K,MC:$226.3K,Vol:$13.8B)",
        "\u039424h:+3690.6% (+2.0)",
        "\u03946h:+3690.6% (+2.5)",
        "\u03941h:+50.8% (+2.0)",
        "Age<12h(6h 2m)(+0.5)",
        "Liq/MC=0.3(+0.5)",
        "Vol/MC=60899.5x(+1.5)"
      ],
      "identified_timestamp": 1746840493,
      "price_at_identification": "0.00022631650459771873",
      "liquidity_at_identification": "60953.35576229674",
      "age_at_identification": "6h 2m",
      "is_trending_at_identification": false,
      "report_source": "holding_delta_1746839253.json",
      "initial_price": "0.00022631650459771873",
      "initial_liquidity": "60953.35576229674",
      "highest_price_since_added": "0.00023738814062337639",
      "added_timestamp": 1746840493,
      "last_checked_timestamp": 1746840934.5764427,
      "monitored_wallet_net_sentiment_at_add": 0.0,
      "current_price": "0.00023738814062337639"
    },
    "85YgaPBNug3zUNLgXn2PLR4WXywjarELBCiQLswYpump": {
      "mint": "85YgaPBNug3zUNLgXn2PLR4WXywjarELBCiQLswYpump",