{
  "2JgkKBbQsBYbgnWePniKZFUpa2knhXKkmRcZRA7S9nSQ": {
    "latest_profit": 132440348.68264177,
    "last_seen_ts": 1763064416
  },
  "BrfWytqyiaN64cqZqkjdC8Ldfe98ojzm3ZtC8oqfuLx4": {
    "latest_profit": 112993235.99285166,
    "last_seen_ts": 1763064279
  },
  "Em7txxguJEBamT5peUhomXpBBcptfZfpiZV2W5qWAk6X": {
    "latest_profit": 108429553.65722345,
    "last_seen_ts": 1763065286
  },
  "3Rh5qSJytv9cmoeHBFpEu2KtJogZsfiWS7TUiS3DUSXx": {
    "latest_profit": 81851856.59124829,
    "last_seen_ts": 1763065389
  },
  "8L1X3r3FDpf6bSiaoKNyAuLWidiMCeK5zFEtjvdQqQoq": {
    "latest_profit": 70156727.93945795,
    "last_seen_ts": 1763064154
  },
  "BRYz9LiA5QfYchxZER93hjQNMoxupRLeUHqMwjdk3mq": {
    "latest_profit": 69045205.09038238,
    "last_seen_ts": 1763064006
  },
  "9h9i3dDjfuYfeka5ucRxyb9RR7zy4cJQWct2Hm8jaQZy": {
    "latest_profit": 61738021.73022308,
    "last_seen_ts": 1763064154
  },
  "E5LrzTNhVeYfH2U58gTBGHbcdR1dvk2NPE5BNHNU4HZF": {
    "latest_profit": 49914415.690693684,
    "last_seen_ts": 1763065389
  },
  "HLkRLVsG5hNHfEYxmqR5Z4nwNmay3ReZuGQVuFm6tFG6": {
    "latest_profit": 44459641.1333644,
    "last_seen_ts": 1763064006
  },
  "CG8A1MkWUtrftyyYaSihACHcThW5YJDTgdoAeepQxWkT": {
    "latest_profit": 18442990.989261203,
    "last_seen_ts": 1763065154
  },
  "DuzgUeuRhirZHUxtWSnJsvbE2gsQXLd4r7sGJNmdohJ": {
    "latest_profit": 14204102.45575792,
    "last_seen_ts": 1763065389
  },
  "GXkAzNwuMzfwGQqCaF9oNoV3LiJWsmyKu54gcncWiAue": {
    "latest_profit": 12293900.567620045,
    "last_seen_ts": 1763063219
  },
  "6bULeZq4ykcjbNnoGWojYvdjdZcaGhnVM25A5neLR61W": {
    "latest_profit": 11759872.592384301,
    "last_seen_ts": 1763065154
  },
  "BHJzfteypq8bP1XdDfFen18DWqmWLuipFWcT4bJpPtaf": {
    "latest_profit": 10463576.048043296,
    "last_seen_ts": 1763064913
  },
  "7UVHGSSVn7Y8EPsDJDJNssto47sTu72iooe7SVDFvXda": {
    "latest_profit": 9320099.010758093,
    "last_seen_ts": 1763063219
  },
  "BPShZrT8CBAtqYTDGiFo41uxbiHckK7tU8QQSoyZ85sZ": {
    "latest_profit": 7878335.803110632,
    "last_seen_ts": 1763064913
  },
  "AYvo6GwxnqzMcuRvWREvJXhjoWCJ2f7KeSLm3XA4YZq6": {
    "latest_profit": 7561547.588736623,
    "last_seen_ts": 1763064552
  },
  "73ufmUSCvbuYEy3D7bWjjRS8kCUTSia24mdx1q1N55Bo": {
    "latest_profit": 7518199.964491076,
    "last_seen_ts": 1763063219
  },
  "8PQZnrNhRFNpQMLbcnUZp7Zf34sP1NXxLCCnfeVPSRtH": {
    "latest_profit": 6414034.979842041,
    "last_seen_ts": 1763063523
  },
  "AuyiqPFWKH5PjAsbpkucND6JQPz1eW3dpiK7v63YnHFu": {
    "latest_profit": 5969156.637886995,
    "last_seen_ts": 1763064006
  },
  "HgjZkkgzBXuZcnyYrGZQFpabPGmXbdkzdPSMWr6KenJ8": {
    "latest_profit": 5717550.297784818,
    "last_seen_ts": 1763064235
  },
  "VHGQ6n8xmqn1pk6Byq6a5t8QNy2rTRM8VgSQvRSkXyH": {
    "latest_profit": 4523994.848712561,
    "last_seen_ts": 1763065389
  },
  "6RAaZpyMuHTYiRyGZcR7jGzzo5H3s1qrec6F9bvVhdsu": {
    "latest_profit": 381742.0954905054,
    "last_seen_ts": 1763064235
  },
  "DDc1DksuuDJx4SBgun3Xckrpo7bQaiQ4G5sTcPBTC3G1": {
    "latest_profit": 277234.1074646447,
    "last_seen_ts": 1763064235
  },
  "5xb5GDsRpRZ2KKjjSThx3nh7Yhq8y3QnDVNQXbxW9fxY": {
    "latest_profit": 253139.3586464223,
    "last_seen_ts": 1763064383
  },
  "6jMz2MScZdDynfhRNF9Jb8xjnNpVwxePKGYcpZmUi1qU": {
    "latest_profit": 128006.38979915154,
    "last_seen_ts": 1763064235
  },
  "6JrzjYeU5ZDq6zmqwPcyPkqHJVhXTzhdwBzp18H6kpj": {
    "latest_profit": 64193.93969985977,
    "last_seen_ts": 1763064383
  },
  "CkQMjmroc9unrtVZwHuo1VtoCz7qLDNzCrsDqyS6Ec9h": {
    "latest_profit": 622.2208933483089,
    "last_seen_ts": 1763064383
  },
  "GXeJJzuVRUE5S9vKvnKACVLiJUQFwgKtFihz8ZT2mp41": {
    "latest_profit": 619.8562630821972,
    "last_seen_ts": 1763064383
  },
  "D967fkuYqpNev7TcxpSBEhZbcQhpHFb14eLveLNDoH4P": {
    "latest_profit": 616.9607718430158,
    "last_seen_ts": 1763064506
  },
  "DqK8Q1fPBaeED1CoNAGf65cBsSgXYQyDeH7xqbkSUE1L": {
    "latest_profit": 255.37820956574214,
    "last_seen_ts": 1763064235
  },
  "CjiuYXu89fFx6weLJ2td7qNEMoMSWd5iyjL3kc812ixB": {
    "latest_profit": 222.98837067877287,
    "last_seen_ts": 1763064383
  },
  "6shwcpAHB6Vh2N524UJ5uLutNQ1CLPW85wiekayHz87U": {
    "latest_profit": 141.79628767119317,
    "last_seen_ts": 1763065251
  },
  "E8zXhGUu1oaGPwwADDmGWxSBZQ1BZ262fMWZ8FbJrWaU": {
    "latest_profit": 109.22484385905751,
    "last_seen_ts": 1763065251
  },
  "ErCskrYf8UYbcHkQBPpC8h7cjix54fsZ5KXnG4tQjJ6M": {
    "latest_profit": 90.10388355381372,
    "last_seen_ts": 1763065251
  },
  "4tJq43Y9ZtdFM7YJCtQHCKUT9yycFQ4fbDrjfSGVRGvB": {
    "latest_profit": 85.22710917893713,
    "last_seen_ts": 1763063580
  },
  "53QKC4sHXoHtZyQKqzSNq5c4qMMBmnBS9SGg7jCyS1JP": {
    "latest_profit": 66.75448182123702,
    "last_seen_ts": 1763063580
  },
  "Hgk5ifQSpytnvB2h7ssawgucpatrEk7gbXhWgd4fjhnL": {
    "latest_profit": 52.662578404882666,
    "last_seen_ts": 1763064416
  },
  "C9p2SZXhaSgnuznP8qGxM5xqqRo2okEFKFjMBJc17iva": {
    "latest_profit": 43.842649807376716,
    "last_seen_ts": 1763064416
  },
  "3PwzJmWsc1V6YdePGtBugFYGcdsLBnN7AtE4CUdjbTef": {
    "latest_profit": 41.56043281723112,
    "last_seen_ts": 1763065286
  },
  "9H4KFNKzQNaVZ7WDddN6saUqNnuQzYJ8RXwgnUJEyEqD": {
    "latest_profit": 40.83175295168949,
    "last_seen_ts": 1763063256
  },
  "CZBsrS5oMcsXrTAKdjSJJThR79QTBA9ZC8MLH1eV4S6w": {
    "latest_profit": 38.805183055020755,
    "last_seen_ts": 1763064154
  },
  "4uApn9SR7tUVwexQrdZNphZodDUEi9TRwSBZyEeoZYbn": {
    "latest_profit": 37.916431417882066,
    "last_seen_ts": 1763065286
  },
  "31x7Bvvtb53ACm38Fn5DCot3eEs4Zes5tncSk81cN3ki": {
    "latest_profit": 37.80754984262234,
    "last_seen_ts": 1763064416
  },
  "GmaYWDVboUF4gFPFm8pwVkUH6V9PESDApVKWsWGfFQ2M": {
    "latest_profit": 36.81795042697482,
    "last_seen_ts": 1763063256
  },
  "BwPjsNkhrunWriDsS8YuZy5rPANUEFNXm6KKNXryPbf5": {
    "latest_profit": 36.78294588047655,
    "last_seen_ts": 1763064279
  },
  "6SQiugPAUnX6986E7xP2L1eFpfyMRtr5WoAp5xqvsrE3": {
    "latest_profit": 36.45579571633748,
    "last_seen_ts": 1763064279
  },
  "CeziPRUM4bVQnSAFkHKBgjs2Let5zybfxwk99Gz7qo3X": {
    "latest_profit": 35.883631061164685,
    "last_seen_ts": 1763064279
  },
  "5GgJ44PRcBJmcjJrgznabBw4Xgog1A3926fL6xJdjt93": {
    "latest_profit": 35.675412719149506,
    "last_seen_ts": 1763064416
  },
  "DsXHU3DY4aSAocngHHQQBzVbYD2geCS9b1kQYtESa2pr": {
    "latest_profit": 35.60810644437445,
    "last_seen_ts": 1763064279
  },
  "8GGrhVbwUp4GFWJrU4nBbNjCySGvN8Q7a5AReo3YdL5t": {
    "latest_profit": 35.16592172598229,
    "last_seen_ts": 1763064279
  },
  "5Wjxk6CUa5BU1FK33niYKbthkBbnsUtGat6W6jGQmaKU": {
    "latest_profit": 34.645556359144436,
    "last_seen_ts": 1763063256
  },
  "8SWdcAG45HwvwX7vs4gt8LYNJ9FwvBSPqpkGMcZQeibi": {
    "latest_profit": 34.597686691721165,
    "last_seen_ts": 1763064416
  },
  "6jD47DRxfPeEoJeEfzW4WaZDqyv6AudHgukrHZXenuY": {
    "latest_profit": 34.495346493098545,
    "last_seen_ts": 1763064279
  },
  "14e17oGBZbVmMBRMCJMCdxf71Jocq9pajjGWfaxQdHsC": {
    "latest_profit": 34.223652099624076,
    "last_seen_ts": 1763065286
  },
  "7NnZ5Tw66J2MhSzEFioBgowRiWLKWdUutiiYtLeHZHmT": {
    "latest_profit": 34.071960360954684,
    "last_seen_ts": 1763064416
  },
  "4GTyVJXz24i4pHHtevZuVS5Nua7DpFDvnky9FXhzLb1t": {
    "latest_profit": 33.71814298546503,
    "last_seen_ts": 1763064279
  },
  "CV8UZGaWfpXNWKC8iHVdzXebJaqvceEmMJewHKE2pS53": {
    "latest_profit": 33.36441599602894,
    "last_seen_ts": 1763065286
  },
  "HqF1gH6WuzVxmHLPNjGBzff8ahDpdv7zxidsTQzYHo7D": {
    "latest_profit": 33.22916927259939,
    "last_seen_ts": 1763064279
  },
  "ERFfg1uenPxdXwdJa23BWC5cjk3ifhpbiqAPpU7mMayE": {
    "latest_profit": 32.74397244197706,
    "last_seen_ts": 1763064352
  },
  "CY2ebMU2H4pmX4cbqRH52AiBoKbxTZfyn4JUDTMduZZt": {
    "latest_profit": 32.2808306576487,
    "last_seen_ts": 1763064352
  },
  "4mqB5jAAyGhpk9Jv7xnGTQBsgf2PKGqtubyymTib47AU": {
    "latest_profit": 32.18896994215505,
    "last_seen_ts": 1763064416
  },